r,a_r,n_r,dimensionless_block_gap,lemm_threshold_3_over_n,numerical_margin,numeric_gap_threshold_pass,lemm_hypotheses_pass
4,0.0625,128.0,0.024571940340179295,0.0234375,0.001134440340179295,True,False
5,0.03125,256.0,0.012285970170089647,0.01171875,0.0005672201700896475,True,False
6,0.015625,512.0,0.006142985085044824,0.005859375,0.0002836100850448237,True,False
7,0.0078125,1024.0,0.003071492542522412,0.0029296875,0.00014180504252241186,True,False
8,0.00390625,2048.0,0.001535746271261206,0.00146484375,7.090252126120593e-05,True,False
9,0.001953125,4096.0,0.000767873135630603,0.000732421875,3.5451260630602966e-05,True,False
10,0.0009765625,8192.0,0.0003839365678153015,0.0003662109375,1.7725630315301483e-05,True,False
11,0.00048828125,16384.0,0.00019196828390765074,0.00018310546875,8.862815157650741e-06,True,False
12,0.000244140625,32768.0,9.598414195382537e-05,9.1552734375e-05,4.431407578825371e-06,True,False
