g_B,lambda_det,block_gap_LB_units,gap_gt_3,ground_energy
0.6,0.0,21.58457967800711,True,-27.040575558703246
0.6,0.02,21.58434378028395,True,-27.04058597676846
0.6,0.05,21.583105673416846,True,-27.040640674231167
0.6,0.1,21.578688737209866,True,-27.040836058253603
0.6,0.2,21.561096493505488,True,-27.041618156312044
0.62,0.0,20.130840985511128,True,-25.22041728907785
0.62,0.02,20.13058785173645,True,-25.220428534788155
0.62,0.05,20.129259339470988,True,-25.22048757801568
0.62,0.1,20.124520672575684,True,-25.220698491245347
0.62,0.2,20.105659133535834,True,-25.221542840958225
0.64,0.0,18.805867322039987,True,-23.56168230345231
0.64,0.02,18.80559612982774,True,-23.561694430955914
0.64,0.05,18.804172911770532,True,-23.561758104359686
0.64,0.1,18.79909738888223,True,-23.561985564377906
0.64,0.2,18.778909593590843,True,-23.56289626467107
0.6599999999999999,0.0,17.594128492090388,True,-22.044933263639663
0.6599999999999999,0.02,17.593838376426255,True,-22.04494633228563
0.6599999999999999,0.05,17.592315931539126,True,-22.045014947607683
0.6599999999999999,0.1,17.586887681979334,True,-22.045260069967068
0.6599999999999999,0.2,17.56531431813748,True,-22.046241617324014
0.6799999999999999,0.0,16.482346186779836,True,-20.653554527411707
0.6799999999999999,0.02,16.482036235932984,True,-20.653568602493184
0.6799999999999999,0.05,16.480409801632494,True,-20.653642502713534
0.6799999999999999,0.1,16.474612142221957,True,-20.653906514965907
0.6799999999999999,0.2,16.451591383342244,True,-20.65496386069594
0.7,0.0,15.459114078243783,True,-19.37327621580326
0.7,0.02,15.458783329457106,True,-19.373291369410598
0.7,0.05,15.457047879656594,True,-19.373370933233037
0.7,0.1,15.450863245184532,True,-19.373655191040207
0.7,0.2,15.426330595946935,True,-19.374793807138815
0.72,0.0,14.514590829520737,True,-18.19178959044227
0.72,0.02,14.514238264485925,True,-18.191805902445253
0.72,0.05,14.512388486632535,True,-18.191891549461847
0.72,0.1,14.505798358370868,True,-18.192197555151385
0.72,0.2,14.47968651289407,True,-18.193423510269856
0.74,0.0,13.640250489185856,True,-17.098434284396095
0.74,0.02,13.63987502931315,True,-17.09845184357795
0.74,0.05,13.637905300497302,True,-17.0985440402326
0.74,0.1,13.630890133346206,True,-17.0988734642331
0.74,0.2,13.603128852108618,True,-17.100193511579143
0.76,0.0,12.828678370092835,True,-16.08394247702356
0.76,0.02,12.828278871590221,True,-16.083961382394097
0.76,0.05,12.826183233834552,True,-16.08406064888895
0.76,0.1,12.818722382851535,True,-16.084415354566
0.76,0.2,12.789238395135829,True,-16.085837033930872
0.78,0.0,12.073403223448134,True,-15.140228500172357
0.78,0.02,12.072978472230794,True,-15.140248862493115
0.78,0.05,12.070750607102969,True,-15.140355780811058
0.78,0.1,12.06282225436879,True,-15.140737853330965
0.78,0.2,12.031539194415897,True,-15.142269609892551
0.8,0.0,11.368758562294015,True,-14.260214921942943
0.8,0.02,11.368307268751996,True,-14.260236865503892
0.8,0.05,11.365940471490777,True,-14.260352088755395
0.8,0.1,11.357521554508478,True,-14.260763868732525
0.8,0.2,11.324359941072858,True,-14.26241519184092
0.82,0.0,10.709767539519932,True,-13.437688097123472
0.82,0.02,10.70928833318083,True,-13.437711761818873
0.82,0.05,10.706775486580202,True,-13.437836025164605
0.82,0.1,10.697841629695361,True,-13.43828014800477
0.82,0.2,10.66271890040753,True,-13.440061733839299
0.84,0.0,10.092046971950827,True,-12.667177659616831
0.84,0.02,10.091538396085268,True,-12.66720320337782
0.84,0.05,10.088871944448151,True,-12.66733733683048
0.84,0.1,10.079397395129384,True,-12.667816778873851
0.84,0.2,10.042228009010007,True,-12.66974072169955
0.86,0.0,9.511727015991077,True,-11.943855577121273
0.86,0.02,9.511187522221888,True,-11.943883178774794
0.86,0.05,9.508359445776506,True,-11.944028122247193
0.86,0.1,9.498317018015612,True,-11.944546255047836
0.86,0.2,9.459012641657637,True,-11.946626272830708
0.88,0.0,8.965383709000282,True,-11.263451276258964
0.88,0.02,8.964811651992084,True,-11.263481138897067
0.88,0.05,8.96181344226262,True,-11.263637959941128
0.88,0.1,8.951174469855415,True,-11.264198614304501
0.88,0.2,8.909644265206875,True,-11.26645031571759
0.8999999999999999,0.0,8.449982143545249,True,-10.622180039293156
0.8999999999999999,0.02,8.449375775870942,True,-10.622212394254923
0.8999999999999999,0.05,8.446198412612695,True,-10.622382309029991
0.8999999999999999,0.1,8.434932715679341,True,-10.62298985077721
0.8999999999999999,0.2,8.391083750018396,True,-10.62543105219758
0.9199999999999999,0.0,7.9628284755939704,True,-10.016682417504025
0.9199999999999999,0.02,7.96218594289731,True,-10.016717529093329
0.9199999999999999,0.05,7.958819873349999,True,-10.016901927216795
0.9199999999999999,0.1,7.946895742163141,True,-10.017561347067494
0.9199999999999999,0.2,7.900633543757197,True,-10.020212450100507
0.94,0.0,7.501529309940579,True,-9.44397283549144
0.94,0.02,7.500848646542565,True,-9.44401100658029
0.94,0.05,7.497283767926788,True,-9.444211480651392
0.94,0.1,7.484667968954224,True,-9.444928501131054
0.94,0.2,7.43589725502546,True,-9.44781294358761
0.96,0.0,7.063957277157602,True,-8.901395900839725
0.96,0.02,7.0632364022875365,True,-8.901437479538062
0.96,0.05,7.059462048674546,True,-8.901655860292411
0.96,0.1,7.046119858729444,True,-8.902437063192375
0.96,0.2,6.9947454656948445,True,-8.90558185939078
0.98,0.0,6.648221831537406,True,-8.38658920403708
0.98,0.02,6.6474585464090925,True,-8.386634591647134
0.98,0.05,6.6434634813374425,True,-8.386872989898684
0.98,0.1,6.629358756882958,True,-8.387725968567313
0.98,0.2,6.575286806380827,True,-8.39116235845885
1.0,0.0,6.2526444703389625,True,-7.89745160882507
1.0,0.02,6.2518364563395785,True,-7.897501269343119
1.0,0.05,6.247608872838679,True,-7.897762126106286
1.0,0.1,6.232704162831279,True,-7.898695667746067
1.0,0.2,6.1758435007726575,True,-7.90245989881726
1.02,0.0,5.875737709783017,True,-7.4321162041449425
1.02,0.02,5.874882528095869,True,-7.432170675624414
1.02,0.05,5.8704100581107745,True,-7.432456822085915
1.02,0.1,5.854666770302506,True,-7.433481126292028
1.02,0.2,5.794930720089506,True,-7.4376153976459065
1.04,0.0,5.516187258928822,True,-6.988927223605528
1.04,0.02,5.515282351973493,True,-6.9889871317550645
1.04,0.05,5.51055208756829,True,-6.9893018610827315
1.04,0.1,5.49393071992713,True,-6.990428802096917
1.04,0.2,5.431239195071381,True,-6.994982406745014
1.06,0.0,5.172836913286283,True,-6.566420342756863
1.06,0.02,5.171879608428139,True,-6.566486417212607
1.06,0.05,5.1668781375764805,True,-6.566833570545615
1.06,0.1,5.149338588413864,True,-6.568077012114485
1.06,0.2,5.083620614109692,True,-6.573107721522209
1.08,0.0,4.844675748765173,True,-6.163305842472703
1.08,0.02,4.843663264820157,True,-6.163378936255119
1.08,0.05,4.838376725060421,True,-6.1637630056053245
1.08,0.1,4.819878697540787,True,-6.165139178907707
1.08,0.2,4.751075395378931,True,-6.170714923425754
1.1,0.0,4.530827235166946,True,-5.77845418108342
1.1,0.02,4.529756692301765,True,-5.778535293820001
1.1,0.05,4.524170846022791,True,-5.7789615450081815
1.1,0.1,4.504674364893665,True,-5.780489501798615
1.1,0.2,4.4327424599711405,True,-5.786690411961146
1.12,0.0,4.2305399078435775,True,-5.410883550170681
1.12,0.02,4.229408341538964,True,-5.410973855730077
1.12,0.05,4.22350867713241,True,-5.411448474844907
1.12,0.1,4.202974737619382,True,-5.413150629647506
1.12,0.2,4.127890652991518,True,-5.420071516555757
1.1400000000000001,0.0,3.943179236864308,True,-5.059749000138082
1.1400000000000001,0.02,3.9419836166574487,True,-5.05984987936591
1.1400000000000001,0.05,3.9357554801648904,True,-5.060380146506921
1.1400000000000001,0.1,3.9141468508059916,True,-5.062282923210596
1.1400000000000001,0.2,3.8359114607700007,True,-5.0700362913989
1.1600000000000001,0.0,3.6682203156176323,True,-4.724332712796181
1.1600000000000001,0.02,3.666957569350915,True,-4.7244457920495355
1.1600000000000001,0.05,3.6603863314551504,True,-4.725040286204717
1.1600000000000001,0.1,3.637668533877311,True,-4.727174885484087
1.1600000000000001,0.2,3.55631265525744,True,-4.735894588730409
1.18,0.0,3.405240956761247,True,-4.404034971112514
1.18,0.02,3.403908001011893,True,-4.4041621672329105
1.18,0.05,3.396979264141632,True,-4.404831005915661
1.18,0.1,3.373121752957111,True,-4.407234310144362
1.18,0.2,3.2887124627284443,True,-4.417079979481631
1.2,0.0,3.1539147365652695,True,-4.098365335003995
1.2,0.02,3.152508513780576,True,-4.098508907212897
1.2,0.05,3.1452083635429524,True,-4.099264023769333
1.2,0.1,3.1201859280869213,True,-4.101979654997678
1.2,0.2,3.032833806807682,True,-4.1131420485169565
1.22,0.0,2.914003476638561,False,-3.8069334844875455
1.22,0.02,2.912520999213405,False,-3.8070960933939935
1.22,0.05,2.9048363031356716,False,-3.8079515534872312
1.22,0.1,2.878630709015261,False,-3.8110310970408645
1.22,0.2,2.7884981234103465,False,-3.823738542932273
1.24,0.0,2.6853486083386344,False,-3.529439151406408
1.24,0.02,2.6837870094047616,False,-3.52962392484123
1.24,0.05,2.67570576384803,False,-3.5305962813194895
1.24,0.1,2.6483076456003714,False,-3.5341006820923333
1.24,0.2,2.555618201645749,False,-3.548626810278095
1.26,0.0,2.4678608510118805,False,-3.265660549653132
1.26,0.02,2.4662174410322555,False,-3.2658711543586145
1.26,0.05,2.4577291639890833,False,-3.2669798363756475
1.26,0.1,2.4291401701913427,False,-3.2709809666527883
1.26,0.2,2.334189492687814,False,-3.287653951989573
1.28,0.0,2.2615076797522327,False,-3.0154407606216083
1.28,0.02,2.259780007128333,False,-3.0156814779289975
1.28,0.05,2.2508761704472686,False,-3.0169492058291727
1.28,0.1,2.2211113496664314,False,-3.02153159282098
1.28,0.2,2.124279379610006,False,-3.04074516752592
1.3,0.0,2.0662981960417897,False,-2.7786716701056435
1.3,0.02,2.0644841089044528,False,-2.778947472682461
1.3,0.05,2.055158598607965,False,-2.780400685106999
1.3,0.1,2.0242490000314124,False,-2.7856633747405017
1.3,0.2,1.9260140524090115,False,-2.8078899142800853
1.3199999999999998,0.0,1.8822652773264894,False,-2.5552753170101727
1.3199999999999998,0.02,1.8803629826305164,False,-2.5555919426935017
1.3199999999999998,0.05,1.8706125711530208,False,-2.5572612173651317
1.3199999999999998,0.1,1.838608020612611,False,-2.5633197412538036
1.3199999999999998,0.2,1.739562916542617,False,-2.589125790258269
1.3399999999999999,0.0,1.7094452844437131,False,-2.345182918306692
1.3399999999999999,0.02,1.7074533996576302,False,-2.345546936191888
1.3399999999999999,0.05,1.6972782102669883,False,-2.3474673821466308
1.3399999999999999,0.1,1.6642502154596348,False,-2.354455791767461
1.3399999999999999,0.2,1.5651208882952874,False,-2.3845204692923265
1.3599999999999999,0.0,1.5478561284686583,False,-2.1483123583369674
1.3599999999999999,0.02,1.5457737208515745,False,-2.1487312219710906
1.3599999999999999,0.05,1.5351776638545775,False,-2.150942820270344
1.3599999999999999,0.1,1.5012224079706664,False,-2.159015762166824
1.3599999999999999,0.2,1.4028894490315027,False,-2.194152535425575
1.38,0.0,1.3974750682054529,False,-1.9645455011347135
1.38,0.02,1.3953016772029365,False,-1.9650275841803686
1.38,0.05,1.3842928413972468,False,-1.9675754579999747
1.38,0.1,1.3495342479720651,False,-1.976910291950375
1.38,0.2,1.2530578045281768,False,-2.0180925360843256
1.4,0.0,1.258218098017303,False,-1.7937071737430244
1.4,0.02,1.2559537378769676,False,-1.7942617850204006
1.4,0.05,1.244544730084333,False,-1.7971963894864171
1.4,0.1,1.2091376267793672,False,-1.8079954008164902
1.4,0.2,1.1157856668875308,False,-1.856385744755374
1.42,0.0,1.1299230325336618,False,-1.6355479161580642
1.42,0.02,1.1275681747750512,False,-1.6361852934770564
1.42,0.05,1.115776414815721,False,-1.6395625303699177
1.42,0.1,1.0799098873466317,False,-1.652055354912753
1.42,0.2,0.9911886701173164,False,-1.7090376183441547
1.44,0.0,1.0123382600260202,False,-1.489732459585422
1.44,0.02,1.0098937985064602,False,-1.4904637448539275
1.44,0.05,0.9977417945656701,False,-1.4943450252744304
1.44,0.1,0.9616428935081349,False,-1.5087914798748807
1.44,0.2,0.8793258348909624,False,-1.5760013407271751
1.46,0.0,0.9051185670786169,False,-1.3558353263392748
1.46,0.02,0.9025857714149068,False,-1.3566725274161426
1.46,0.05,0.8901014178945135,False,-1.361124823209671
1.46,0.1,0.8540394417721595,False,-1.3778183968995232
1.46,0.2,0.7801856200581175,False,-1.4571639688763793
1.48,0.0,0.8078285148858537,False,-1.2333440232405515
1.48,0.02,0.8052089801925946,False,-1.2342999701641741
1.48,0.05,0.7924259329644042,False,-1.2393959084849913
1.48,0.1,0.7567175352766332,False,-1.2586681936052888
1.48,0.2,0.6936635736407585,False,-1.352324176553733
1.5,0.0,0.7199527807224807,False,-1.1216692344143318
1.5,0.02,0.7172483824900486,False,-1.1227575384595823
1.5,0.05,0.7042065721723458,False,-1.128575600537594
1.5,0.1,0.669221896914165,False,-1.1508018979904657
1.5,0.2,0.6195229442339321,False,-1.2611529425726349
1.52,0.0,0.6409119340555153,False,-1.0201604761414529
1.52,0.02,0.6381247964047262,False,-1.0213954995298926
1.52,0.05,0.6248711381853378,False,-1.0280203837927386
1.52,0.1,0.591041040063951,False,-1.0536265643114051
1.52,0.2,0.5573348471328635,False,-1.1831337679026572
1.54,0.0,0.5700815205737001,False,-0.928125081049556
1.54,0.02,0.5672140044156553,False,-0.9295219233872459
1.54,0.05,0.553803354541146,False,-0.9370451260701091
1.54,0.1,0.5216274561046966,False,-0.966515519611235
1.54,0.2,0.5064111326119962,False,-1.1174955626755618
1.56,0.0,0.5068121820871002,False,-0.8448482344086742
1.56,0.02,0.503866897484321,False,-0.8464227396527028
1.56,0.05,0.49036329455768396,False,-0.854943395589057
1.56,0.1,0.4604181048760326,False,-0.8888289460292534
1.56,0.2,0.4657652196330022,False,-1.0631734632763028
1.58,0.0,0.4504488059456442,False,-0.7696120517633033
1.58,0.02,0.4474286508384156,False,-0.7713808373481994
1.58,0.05,0.43390686703713555,False,-0.7810068522330421
1.58,0.1,0.4068523599518516,False,-0.8199319394950338
1.58,0.2,0.434141465062428,False,-1.018838149244403
1.6,0.0,0.4003472319382627,False,-0.7017122221727826
1.6,0.02,0.39725545781475813,False,-0.7036927303102591
1.6,0.05,0.38380287207994745,False,-0.714542224297581
1.6,0.1,0.36038476661929936,False,-0.7592073916776827
1.6,0.2,0.41012291620719576,False,-0.9830035095782693
1.62,0.0,0.3558876725787764,False,-0.6404713699504021
1.62,0.02,0.3527279768154791,False,-0.6426819402396955
1.62,0.05,0.33944676774701665,False,-0.6548850099446295
1.62,0.1,0.32049041772993125,False,-0.7060614900581462
1.62,0.2,0.39227936216120995,False,-0.9541745772604342
1.6400000000000001,0.0,0.3164845782404936,False,-0.5852488639614227
1.6400000000000001,0.02,0.31326122268022266,False,-0.5877088262757262
1.6400000000000001,0.05,0.3002708595786222,False,-0.6014096142513922
1.6400000000000001,0.1,0.28666168559374,False,-0.6599205651779061
1.6400000000000001,0.2,0.3792975207511542,False,-0.9309775731036126
1.6600000000000001,0.0,0.2815931158206445,False,-0.5354472413085124
1.6600000000000001,0.02,0.2783110715147754,False,-0.5381770282851513
1.6600000000000001,0.05,0.26575105150395023,False,-0.553536059473018
1.6600000000000001,0.1,0.2583969257525231,False,-0.6202198933341713
1.6600000000000001,0.2,0.37005717724368836,False,-0.9122358799017519
1.6800000000000002,0.0,0.2507127029353473,False,-0.49051568603474377
1.6800000000000002,0.02,0.24737782164053582,False,-0.4935369651829751
1.6800000000000002,0.05,0.2354105504483801,False,-0.5107336599372101
1.6800000000000002,0.1,0.2351848011170627,False,-0.5863880974340101
1.6800000000000002,0.2,0.3636521844662872,False,-0.8969908614852613
1.7000000000000002,0.0,0.22338816604484488,False,-0.4499511302883182
1.7000000000000002,0.02,0.22000737984132748,False,-0.45328695655205686
1.7000000000000002,0.05,0.20882101309191492,False,-0.47252214900412065
1.7000000000000002,0.1,0.21649111976117913,False,-0.5578340354212494
1.7000000000000002,0.2,0.3593750345006165,False,-0.8844862416205101
1.7200000000000002,0.0,0.19920910795768115,False,-0.4132975627919508
1.7200000000000002,0.02,0.19579065910176913,False,-0.4169725532255682
1.7200000000000002,0.05,0.18560159944076582,False,-0.4384707214870892
1.7200000000000002,0.1,0.20175605245615535,False,-0.5339440403292093
1.7200000000000002,0.2,0.3566851792072898,False,-0.8741362244256101
1.7400000000000002,0.0,0.1778080187656452,False,-0.3801440783512385
1.7400000000000002,0.02,0.17436172250291224,False,-0.384184611288555
1.7400000000000002,0.05,0.1654163003680369,False,-0.4081953571144119
1.7400000000000002,0.1,0.19040599905478273,False,-0.5140937807210292
1.7400000000000002,0.2,0.35517453285365364,False,-0.8654907934937316
1.7599999999999998,0.0,0.15885757882731444,False,-0.3501221169336723
1.7599999999999998,0.02,0.15539512230055397,False,-0.3545565585821615
1.7599999999999998,0.05,0.14796978554661974,False,-0.381354669565944
1.7599999999999998,0.1,0.18187729871571529,False,-0.4976719375881371
1.7599999999999998,0.2,0.3545366685800657,False,-0.8582047048224334
1.7799999999999998,0.0,0.14206750736257498,False,-0.32290224597449
1.7799999999999998,0.02,0.13860278787785046,False,-0.32776120767860517
1.7799999999999998,0.05,0.133001931964722,False,-0.3576444391251314
1.7799999999999998,0.1,0.17564325377322976,False,-0.4841071697110756
1.7799999999999998,0.2,0.3545417870819917,False,-0.8520122547176269
1.7999999999999998,0.0,0.12718122038489602,False,-0.29819074986457933
1.7999999999999998,0.02,0.12373072605676119,False,-0.30350737926109117
1.7999999999999998,0.05,0.12028120792573102,False,-0.33679100153900005
1.7999999999999998,0.1,0.17123557746983437,False,-0.47288948069384196
1.7999999999999998,0.2,0.3550173644860953,False,-0.8467077318891387
1.8199999999999998,0.0,0.11397248449405242,False,-0.27572621346692744
1.8199999999999998,0.02,0.11055571953957757,False,-0.28153652226126885
1.8199999999999998,0.05,0.10959726256372979,False,-0.3185438407828127
1.8199999999999998,0.1,0.16825560545179274,False,-0.46358133104905674
1.8199999999999998,0.2,0.35583358281273264,False,-0.8421306588583772
1.8399999999999999,0.0,0.10224219091452755,False,-0.25527622443281683
1.8399999999999999,0.02,0.0988821463990677,False,-0.26161945434733014
1.8399999999999999,0.05,0.10075341076471966,False,-0.30266807340685187
1.8399999999999999,0.1,0.16637553506145492,False,-0.45581876305314223
1.8399999999999999,0.2,0.356892504464964,False,-0.8381547853906706
1.8599999999999999,0.0,0.09181532662342604,False,-0.2366342715822466
1.8599999999999999,0.02,0.08853899498065992,False,-0.24355329785772278
1.8599999999999999,0.05,0.09356008781076058,False,-0.2889378968328571
1.8599999999999999,0.1,0.16533274779104074,False,-0.4493055974026937
1.8599999999999999,0.2,0.3581200697391589,False,-0.8346799138251859
1.88,0.0,0.08253818457440407,False,-0.21961688178823577
1.88,0.02,0.07937711231687145,False,-0.2271586500347191
1.88,0.05,0.08783051291935001,False,-0.2771322392026788
1.88,0.1,0.1649206841002181,False,-0.4438041743491883
1.88,0.2,0.3594601825568449,False,-0.8316258220470598
1.9,0.0,0.07427583051615635,False,-0.20406101329180507
1.9,0.02,0.07126669768522306,False,-0.2122769999324382
1.9,0.05,0.08337946893790624,False,-0.26703351692958815
1.9,0.1,0.16497888039056263,False,-0.4391252522680161
1.9,0.2,0.36087032755322823,False,-0.828927727508294
1.92,0.0,0.06690982739337017,False,-0.18982170684571262
1.92,0.02,0.06409503383436452,False,-0.1987683852249981
1.92,0.05,0.08002525000823746,False,-0.25842955115574934
1.92,0.1,0.1653836768577796,False,-0.4351185751607409
1.92,0.2,0.3623183074636176,False,-0.8265328812899909
1.94,0.0,0.06033620776460702,False,-0.17676998550393525
1.94,0.02,0.057764434611095566,False,-0.18650926827626396
1.94,0.05,0.07759382248566923,False,-0.25111768828223674
1.94,0.1,0.16604025243040516,False,-0.4316647676589764
1.94,0.2,0.3637798012527715,False,-0.824397992530466
1.96,0.0,0.05446367841039662,False,-0.16479098757857302
1.96,0.02,0.05219037778869515,False,-0.17539060080132987
1.96,0.05,0.07592363996038345,False,-0.24490956575184225
1.96,0.1,0.16687612759272247,False,-0.4286687002661062
1.96,0.2,0.3652365257869188,False,-0.8224872657681274
1.98,0.0,0.04921203804044674,False,-0.15378231398339334
1.98,0.02,0.04729978515524459,False,-0.16531603958653152
1.98,0.05,0.07486964392802617,False,-0.23963505534533083
1.98,0.1,0.16783602102754364,False,-0.4260542123090954
1.98,0.2,0.3666748436097529,False,-0.8207708934142256
2.0,0.0,0.044510787768744176,False,-0.1436525699031039
2.0,0.02,0.04302940869340387,False,-0.15620027236915046
2.0,0.05,0.07430559546320256,False,-0.2351445303519684
2.0,0.1,0.16887785034632824,False,-0.42375998403658005
2.0,0.2,0.3680847024029406,False,-0.8192238885234506
2.02,0.0,0.04029791410026266,False,-0.13432008076208657
2.02,0.02,0.03932428344159501,False,-0.14796741458856585
2.02,0.05,0.07412459888995765,False,-0.23130931881545258
2.02,0.1,0.16996965408597786,False,-0.4217363358856114
2.02,0.2,0.36945882260782764,False,-0.8178251738837226
2.04,0.0,0.03651882505891192,False,-0.1257117633128794
2.04,0.02,0.036136216861320944,False,-0.1405494468064391
2.04,0.05,0.07423817034322791,False,-0.22802069706499087
2.04,0.1,0.1710872350748536,False,-0.4199427555827871
2.04,0.2,0.3707920719020256,False,-0.816556865639496
2.06,0.0,0.033125421433639834,False,-0.11776213397443241
2.06,0.02,0.033422303944985784,False,-0.13388468186208483
2.06,0.05,0.07457438850451176,False,-0.22518796215774103
2.06,0.1,0.17221235957695832,False,-0.4183459878177423
2.06,0.2,0.37208098125601125,False,-0.8154037056850053
2.08,0.0,0.030075286691937125,False,-0.11041243808743433
2.08,0.02,0.031143487890996982,False,-0.12791628129712182
2.08,0.05,0.07507562677296692,False,-0.2227360837964451
2.08,0.1,0.17333138085006256,False,-0.41691855526291827
2.08,0.2,0.37332336891932916,False,-0.8143526086902291
2.1,0.0,0.027330980752416703,False,-0.10360988536422741
2.1,0.02,0.02926322439984226,False,-0.12259087871004559
2.1,0.05,0.0756962301073501,False,-0.22060330016837124
2.1,0.1,0.1744341854458971,False,-0.4156376092543076
2.1,0.2,0.3745180471630165,False,-0.8133922981096008
2.12,0.0,0.024859424422898665,False,-0.09730697839648766
2.12,0.02,0.027746342982630595,False,-0.11785740296850626
2.12,0.05,0.07640035456036337,False,-0.21873887681024903
2.12,0.1,0.17551338465617602,False,-0.4144840324066564
2.12,0.2,0.3756645928250924,False,-0.8125130117600294
2.14,0.0,0.02263136283927318,False,-0.09146092258677004
2.14,0.02,0.02655821453306295,False,-0.11366621002861642
2.14,0.05,0.07716007367889624,False,-0.2171011336072334
2.14,0.1,0.1765636923224777,False,-0.4134417341637003
2.14,0.2,0.37676316729945264,False,-0.8117062621686773
2.16,0.0,0.020620897651783238,False,-0.08603310725862878
2.16,0.02,0.025664314933230903,False,-0.10996861262506936
2.16,0.05,0.07795378138909137,False,-0.21565577032218317
2.16,0.1,0.17758144462550077,False,-0.41249709461933626
2.16,0.2,0.3778143750227463,False,-0.8109646403283609
2.18,0.0,0.01880507898534263,False,-0.0809886489602977
2.18,0.02,0.02503021564317086,False,-0.10671683830080353
2.18,0.05,0.07876487894781067,False,-0.2143744788581939
2.18,0.1,0.17856422835771915,False,-0.4116385227923938
2.18,0.2,0.37881915206799294,False,-0.8102816540772362
2.2,0.0,0.017163549346439544,False,-0.07629598910604038
2.2,0.02,0.02462194976481319,False,-0.10386436383661891
2.2,0.05,0.07958071375800221,False,-0.21323381052561746
2.2,0.1,0.1795105923683342,False,-0.41085610369735454
2.2,0.2,0.37977867837623913,False,-0.809651594267285
2.22,0.0,0.01567823266536099,False,-0.07192653910135924
2.22,0.02,0.02440662708023192,False,-0.10136649922044776
2.22,0.05,0.08039173144855719,False,-0.21221426005342536
2.22,0.1,0.18041982300704015,False,-0.4101413146787021
2.22,0.2,0.38069430861390297,False,-0.8090694233677704
2.24,0.0,0.014333062557172663,False,-0.0678543669813177
2.24,0.02,0.024353133930962667,False,-0.0991810567445774
2.24,0.05,0.08119080338009996,False,-0.21129952872715035
2.24,0.1,0.18129176899568536,False,-0.4094867960769288
2.24,0.2,0.3815675177527081,False,-0.8085306822838574
2.2600000000000002,0.0,0.013113744668374075,False,-0.06405592036532429
2.2600000000000002,0.02,0.024432764960444636,False,-0.09726895206057158
2.2600000000000002,0.05,0.0819726957836378,False,-0.21047593297964706
2.2600000000000002,0.1,0.18212670461382213,False,-0.4088861647564177
2.2600000000000002,0.2,0.3823998583191922,False,-0.8080314120446431
2.28,0.0,0.012007548659463838,False,-0.06050978120766442
2.28,0.02,0.024619682180584024,False,-0.09559463254451336
2.28,0.05,0.0827336518795723,False,-0.20973192981716202
2.28,0.1,0.1829252226875279,False,-0.4083338616395596
2.28,0.2,0.3831929269153824,False,-0.8075680876922862
2.3,0.0,0.011003125967767514,False,-0.05719644841157971
2.3,0.02,0.024891158292366933,False,-0.09412628987049575
2.3,0.05,0.08347106343581856,False,-0.20905773550619644
2.3,0.1,0.18368815083817264,False,-0.40782502637335905
2.3,0.2,0.38394833811917584,False,-0.8071375622325427
2.32,0.0,0.010090350010285416,False,-0.05409814488606443
2.32,0.02,0.025227613548325534,False,-0.09283586611308903
2.32,0.05,0.08418321280248213,False,-0.2084450184718171
2.32,0.1,0.1844164859400023,False,-0.4073553937640889
2.32,0.2,0.3846677042672504,False,-0.8067370189215963
2.34,0.0,0.009260175932695444,False,-0.051198646068237194
2.34,0.02,0.025612487516784924,False,-0.09169889482287961
2.34,0.05,0.0848690703399852,False,-0.20788665119709884
2.34,0.1,0.18511134287187023,False,-0.4069212077706292
2.34,0.2,0.38535261993155906,False,-0.8063639304913135
2.36,0.0,0.008504517396804155,False,-0.04848312731878628
2.36,0.02,0.026031998734313444,False,-0.09069423018241932
2.36,0.05,0.08552813533698882,False,-0.2073765090634922
2.36,0.1,0.18577391451765174,False,-0.4065191497356701
2.36,0.2,0.3860046501423566,False,-0.8060160241745298
2.38,0.0,0.007816138232551492,False,-0.045938027931264266
2.38,0.02,0.026474842391322695,False,-0.08980371453118614
2.38,0.05,0.08616031106798393,False,-0.20690930660565213
2.38,0.1,0.18640544063733636,False,-0.4061462782208585
2.38,0.2,0.3866253216013302,False,-0.8056912515989885
2.4,0.0,0.007188557069113713,False,-0.043550929784745965
2.4,0.02,0.026931866009382292,False,-0.0890118243718332
2.4,0.05,0.08676580666436977,False,-0.20648046366608425
2.4,0.1,0.1870071837456356,False,-0.40579997834596093
2.4,0.2,0.38721611627927394,False,-0.8053877627844155
2.42,0.0,0.006615963308844938,False,-0.04131044891954422
2.42,0.02,0.027395751003466418,False,-0.08830532290401669
2.42,0.05,0.08734506006447756,False,-0.20608599552076312
2.42,0.1,0.1875804105335211,False,-0.4054779189492331
2.42,0.2,0.38777846691244444,False,-0.8051038836107932
2.44,0.0,0.006093143023097845,False,-0.039206138532528745
2.44,0.02,0.02786071720281008,False,-0.08767293630343868
2.44,0.05,0.08789867755353101,False,-0.2057224222914431
2.44,0.1,0.18812637767800416,False,-0.40517801621373994
2.44,0.2,0.388313754007136,False,-0.8048380962340018
2.46,0.0,0.0056154135350242745,False,-0.03722840207665267
2.46,0.02,0.02832225906760351,False,-0.08710506261202651
2.46,0.05,0.08842738637681907,False,-0.20538669393548412
2.46,0.1,0.18864632112726357,False,-0.40489840266294874
2.46,0.2,0.38882330403824794,False,-0.8045890220128538
2.48,0.0,0.0051785656153040885,False,-0.03536841531249521
2.48,0.02,0.02877691658340923,False,-0.08659351633049939
2.48,0.05,0.08893199766752366,False,-0.2050761278677376
2.48,0.1,0.18914144813761016,False,-0.40463740063394404
2.48,0.2,0.389308388588603,False,-0.8043554065832246
2.5,0.0,0.004778812355872419,False,-0.03361805630137679
2.5,0.02,0.02922208021651973,False,-0.08613130818441872
2.5,0.05,0.08941337752197517,False,-0.2047883568679928
2.5,0.1,0.18961293148756714,False,-0.4043934995000422
2.5,0.2,0.38977022422494323,False,-0.8041361067738293
2.52,0.0,0.004412743907112979,False,-0.03196984245282515
2.52,0.02,0.029655827307627933,False,-0.08571245750692631
2.52,0.05,0.08987242451662404,False,-0.20452128539788622
2.52,0.1,0.19006190541169604,False,-0.4041653360454776
2.52,0.2,0.3902099729459251,False,-0.803930079106497
2.54,0.0,0.004077287368249274,False,-0.03041687384639749
2.54,0.02,0.030076786351596482,False,-0.08533183373020764
2.54,0.05,0.09031005232183834,False,-0.20427305282178848
2.54,0.1,0.19048946288954274,False,-0.40395167750007055
2.54,0.2,0.39062874306938505,False,-0.803736369663841
2.56,0.0,0.003769671211021175,False,-0.02895278214126508
2.56,0.02,0.030484025354938007,False,-0.08498502320157146
2.56,0.05,0.09072717635013013,False,-0.20404200231885802
2.56,0.1,0.19089665399868863,False,-0.4037514068268566
2.56,0.2,0.39102759045188146,False,-0.8035541051403059
2.58,0.0,0.003487393695098727,False,-0.027571684468420284
2.58,0.02,0.030876960593595133,False,-0.08466821765291607
2.58,0.05,0.09112470359802127,False,-0.20382665450537557
2.58,0.1,0.19128448509936838,False,-0.40356350992469386
2.58,0.2,0.3914075199543964,False,-0.8033824849202091
2.6,0.0,0.0032281948017028952,False,-0.026268141771474917
2.6,0.02,0.03125528242309297,False,-0.08437812096617328
2.6,0.05,0.09150352501509537,False,-0.2036256849709793
2.6,0.1,0.19165391866475393,False,-0.4033870644640775
2.6,0.2,0.39176948708502046,False,-0.8032207740494067
2.62,0.0,0.002990031270991785,False,-0.025037121124176578
2.62,0.02,0.031618895203315484,False,-0.08411187127428178
2.62,0.05,0.09186450987104854,False,-0.20343790507965087
2.62,0.1,0.19200587360825466,False,-0.403221230120425
2.62,0.2,0.39211439976315005,False,-0.8030682969865294
2.64,0.0,0.00277105438014592,False,-0.02387396160716246
2.64,0.02,0.03196786882272674,False,-0.08386697584902256
2.64,0.05,0.09220850170001334,False,-0.20326224550421834
2.64,0.1,0.1923412259890065,False,-0.4030652400069151
2.64,0.2,0.39244312016093136,False,-0.802924432035975
2.66,0.0,0.002569590143794702,False,-0.022774343374129306
2.66,0.02,0.03230239970468561,False,-0.08364125661639431
2.66,0.05,0.09253631548723122,False,-0.20309774205801828
2.66,0.1,0.1926608100006078,False,-0.4029183931400776
2.66,0.2,0.39275646658672997,False,-0.802788606378537
2.68,0.0,0.0023841216573680275,False,-0.021734259579406983
2.68,0.02,0.032622779534793644,False,-0.08343280449020228
2.68,0.05,0.09284873583126153,False,-0.20294352346395794
2.68,0.1,0.19296541916739166,False,-0.40278004779718424
2.68,0.2,0.3930552153828018,False,-0.8026602916270951
2.7,0.0,0.0022132733379070443,False,-0.020749990875645476
2.7,0.02,0.03292937025672127,False,-0.08323994101849065
2.7,0.05,0.0931465158688942,False,-0.20279880076312917
2.7,0.1,0.1932558076879257,False,-0.40264961564585056
2.7,0.2,0.3933401028153455,False,-0.802538999844685
2.72,0.0,0.0020557968464929126,False,-0.019818082222618938
2.72,0.02,0.03322258414598204,False,-0.08306118609667613
2.72,0.05,0.09343037679309671,False,-0.2026628581157137
2.72,0.1,0.19353269187788116,False,-0.4025265565441501
2.72,0.2,0.3936118269399654,False,-0.8024242799705306
2.74,0.0,0.0019105585023271726,False,-0.018935321776586096
2.74,0.02,0.033502867989876894,False,-0.08289523071847567
2.74,0.05,0.09370100782857134,False,-0.20253504478796813
2.74,0.1,0.19379675167442464,False,-0.40241037392447243
2.74,0.2,0.3938710494296169,False,-0.8023157146068867
2.7600000000000002,0.0,0.0017765280211177077,False,-0.018098721654714153
2.7600000000000002,0.02,0.03377069058308466,False,-0.08274091391669829
2.7600000000000002,0.05,0.09395906655700477,False,-0.20241476815290155
2.7600000000000002,0.1,0.19404863217231785,False,-0.40230061068681167
2.7600000000000002,0.2,0.3941183973551811,False,-0.802212917125473
2.7800000000000002,0.0,0.001652768430216868,False,-0.017305500391199654
2.7800000000000002,0.02,0.0340265328969922,False,-0.08259720319503011
2.7800000000000002,0.05,0.09420517950593751,False,-0.20230148755988048
2.7800000000000002,0.1,0.19428894516847448,False,-0.4021968455378189
2.7800000000000002,0.2,0.3943544649115694,False,-0.8021155290576659
2.8000000000000003,0.0,0.0015384270302939828,False,-0.016553066921274364
2.8000000000000003,0.02,0.03427088040249274,False,-0.0824631778750064
2.8000000000000003,0.05,0.09443994293285857,False,-0.20219470895138664
2.8000000000000003,0.1,0.1945182706968859,False,-0.40209868972072615
2.8000000000000003,0.2,0.39457981508425505,False,-0.8020232177370292
2.8200000000000003,0.0,0.001432727288520558,False,-0.0158390059465853
2.8200000000000003,0.02,0.034504217124896173,False,-0.08233801488297489
2.8200000000000003,0.05,0.09466392375010176,False,-0.20209398012395918
2.8200000000000003,0.1,0.1947371585401155,False,-0.40200578408886933
2.8200000000000003,0.2,0.3947949812528412,False,-0.801935674166645
2.8400000000000003,0.0,0.0013349615615802137,False,-0.015161064550764805
2.8400000000000003,0.02,0.03472702108997294,False,-0.08222097658454854
2.8400000000000003,0.05,0.09487766054753298,False,-0.20199888654618342
2.8400000000000003,0.1,0.1949461297069094,False,-0.40191779648188364
2.8400000000000003,0.2,0.39500046872965416,False,-0.8018526110870969
2.8600000000000003,0.0,0.0012444845585250722,False,-0.014517139947599492
2.8600000000000003,0.02,0.03493976088532865,False,-0.0821114003416398
2.8600000000000003,0.05,0.09508166467898443,False,-0.2019090476595922
2.8600000000000003,0.1,0.195145677868206,False,-0.40183441936907816
2.8600000000000003,0.2,0.39519675623241673,False,-0.8017737612238127
2.8800000000000003,0.0,0.0011607074637931033,False,-0.013905268256276804
2.8800000000000003,0.02,0.03514289311409506,False,-0.08200868952268955
2.8800000000000003,0.05,0.09527642138578019,False,-0.20182411359938207
2.8800000000000003,0.1,0.1953362707460328,False,-0.40175536772918746
2.8800000000000003,0.2,0.39538429729087804,False,-0.801698875695008
2.9000000000000004,0.0,0.0010830926497563294,False,-0.013323614208917246
2.9000000000000004,0.02,0.0353368605606266,False,-0.08191230574211124
2.9000000000000004,0.05,0.09546239093645469,False,-0.20174376228094298
2.9000000000000004,0.1,0.19551835145148133,False,-0.4016803771396088
2.9000000000000004,0.2,0.3955635215880026,False,-0.8016277225636659
2.92,0.0,0.0010111489161433607,False,-0.01277046170514943
2.92,0.02,0.0355220909225301,False,-0.0818217621424027
2.92,0.05,0.09564000976654223,False,-0.20166769680597435
2.92,0.1,0.19569233976938724,False,-0.4016092020517057
2.92,0.2,0.3957348362367954,False,-0.8015600855188824
2.94,0.0,0.0009444272007072419,False,-0.012244205136992365
2.94,0.02,0.03569899599130523,False,-0.08173661756309827
2.94,0.05,0.09580969160600801,False,-0.20159564314843692
2.94,0.1,0.19585863338839068,False,-0.40154161423163537
2.94,0.2,0.3958986269942697,False,-0.8014957626735901
2.96,0.0,0.000882516711708161,False,-0.011743341414898306
2.96,0.02,0.03586797118656521,False,-0.0816564714660708
2.96,0.05,0.09597182858499508,False,-0.20152734808611275
2.96,0.1,0.1960176090759566,False,-0.40147740134872867
2.96,0.2,0.3960552594143075,False,-0.8014345654670725
2.98,0.0,0.0008250414382530158,False,-0.011266462632584693
2.98,0.02,0.03602939536715035,False,-0.08158095950767144
2.98,0.05,0.09612679231089433,False,-0.2014625773482051
2.98,0.1,0.1961696237985859,False,-0.40141636569561
2.98,0.2,0.3962050799414631,False,-0.801376317662067
3.0,0.0,0.0007716569993689842,False,-0.010812249314340773
3.0,0.02,0.03618363085729769,False,-0.08150974966547878
3.0,0.05,0.09627493491172005,False,-0.20140111395336466
3.0,0.1,0.19631501578797567,False,-0.4013583230261468
3.0,0.2,0.3963484169478123,False,-0.8013208544272366
